<PAMDataset>
  <PAMRasterBand band="1">
    <Histograms>
      <HistItem>
        <HistMin>-0.498046875</HistMin>
        <HistMax>255.498046875</HistMax>
        <BucketCount>256</BucketCount>
        <IncludeOutOfRange>0</IncludeOutOfRange>
        <Approximate>0</Approximate>
        <HistCounts>2|0|0|0|0|0|0|0|8|0|0|0|0|0|0|0|23|0|0|0|0|0|0|0|0|29|0|0|0|0|0|0|0|46|0|0|0|0|0|0|0|69|0|0|0|0|0|0|0|99|0|0|0|0|0|0|0|0|120|0|0|0|0|0|0|0|178|0|0|0|0|0|0|0|193|0|0|0|0|0|0|0|212|0|0|0|0|0|0|0|281|0|0|0|0|0|0|0|0|365|0|0|0|0|0|0|0|460|0|0|0|0|0|0|0|533|0|0|0|0|0|0|0|544|0|0|0|0|0|0|0|0|626|0|0|0|0|0|0|0|653|0|0|0|0|0|0|0|673|0|0|0|0|0|0|0|629|0|0|0|0|0|0|0|0|586|0|0|0|0|0|0|0|541|0|0|0|0|0|0|0|435|0|0|0|0|0|0|0|348|0|0|0|0|0|0|0|341|0|0|0|0|0|0|0|0|284|0|0|0|0|0|0|0|225|0|0|0|0|0|0|0|237|0|0|0|0|0|0|0|172|0|0|0|0|0|0|0|0|159|0|0|0|0|0|0|0|105|0|0|0|0|0|0|0|824</HistCounts>
      </HistItem>
    </Histograms>
    <Metadata>
      <MDI key="STATISTICS_MAXIMUM">255</MDI>
      <MDI key="STATISTICS_MEAN">154.6212</MDI>
      <MDI key="STATISTICS_MINIMUM">0</MDI>
      <MDI key="STATISTICS_STDDEV">54.250980733624</MDI>
      <MDI key="testkey">test value</MDI>
    </Metadata>
  </PAMRasterBand>
</PAMDataset>
