<?xml version="1.0" encoding="UTF-8"?>
<?xml-model href="https://pds.nasa.gov/pds4/pds/v1/PDS4_PDS_1800.sch" schematypens="http://purl.oclc.org/dsdl/schematron"?>
<?xml-model href="https://pds.nasa.gov/pds4/disp/v1/PDS4_DISP_1800.sch" schematypens="http://purl.oclc.org/dsdl/schematron"?>
<?xml-model href="https://pds.nasa.gov/pds4/cart/v1/PDS4_CART_1700.sch" schematypens="http://purl.oclc.org/dsdl/schematron"?>
<Product_Observational xmlns="http://pds.nasa.gov/pds4/pds/v1" xmlns:pds="http://pds.nasa.gov/pds4/pds/v1" xmlns:disp="http://pds.nasa.gov/pds4/disp/v1" xmlns:cart="http://pds.nasa.gov/pds4/cart/v1" xmlns:xsi="http://www.w3.org/2001/XMLSchema-instance" xsi:schemaLocation="
    http://pds.nasa.gov/pds4/pds/v1 https://pds.nasa.gov/pds4/pds/v1/PDS4_PDS_1800.xsd
    http://pds.nasa.gov/pds4/disp/v1 https://pds.nasa.gov/pds4/disp/v1/PDS4_DISP_1800.xsd
    http://pds.nasa.gov/pds4/cart/v1 https://pds.nasa.gov/pds4/cart/v1/PDS4_CART_1700.xsd">
  <Identification_Area>
    <logical_identifier>${LOGICAL_IDENTIFIER}</logical_identifier>
    <version_id>1.0</version_id>
    <title>poly_delimited.xml</title>
    <information_model_version>1.8.0.0</information_model_version>
    <product_class>Product_Observational</product_class>
  </Identification_Area>
  <Observation_Area>
    <Time_Coordinates>
      <start_date_time xsi:nil="true" />
      <stop_date_time xsi:nil="true" />
    </Time_Coordinates>
    <Investigation_Area>
      <name>${INVESTIGATION_AREA_NAME}</name>
      <type>Mission</type>
      <Internal_Reference>
        <lid_reference>${INVESTIGATION_AREA_LID_REFERENCE}</lid_reference>
        <reference_type>data_to_investigation</reference_type>
      </Internal_Reference>
    </Investigation_Area>
    <Observing_System>
      <Observing_System_Component>
        <name>${OBSERVING_SYSTEM_NAME}</name>
        <type>Spacecraft</type>
      </Observing_System_Component>
    </Observing_System>
    <Target_Identification>
      <name>Earth</name>
      <type>Planet</type>
      <Internal_Reference>
        <lid_reference>urn:nasa:pds:context:target:planet.earth</lid_reference>
        <reference_type>data_to_target</reference_type>
      </Internal_Reference>
    </Target_Identification>
    <Discipline_Area>
      <disp:Display_Settings>
        <Local_Internal_Reference>
          <local_identifier_reference>image</local_identifier_reference>
          <local_reference_type>display_settings_to_array</local_reference_type>
        </Local_Internal_Reference>
        <disp:Display_Direction>
          <disp:horizontal_display_axis>Sample</disp:horizontal_display_axis>
          <disp:horizontal_display_direction>Left to Right</disp:horizontal_display_direction>
          <disp:vertical_display_axis>Line</disp:vertical_display_axis>
          <disp:vertical_display_direction>Top to Bottom</disp:vertical_display_direction>
        </disp:Display_Direction>
      </disp:Display_Settings>
      <cart:Cartography>
        <cart:Spatial_Domain>
          <cart:Bounding_Coordinates>
            <cart:west_bounding_coordinate unit="deg">-2.04318650036216676</cart:west_bounding_coordinate>
            <cart:east_bounding_coordinate unit="deg">-2.04318650036216676</cart:east_bounding_coordinate>
            <cart:north_bounding_coordinate unit="deg">89.9999999999999716</cart:north_bounding_coordinate>
            <cart:south_bounding_coordinate unit="deg">89.9999999999999716</cart:south_bounding_coordinate>
          </cart:Bounding_Coordinates>
        </cart:Spatial_Domain>
        <cart:Spatial_Reference_Information>
          <cart:Horizontal_Coordinate_System_Definition>
            <cart:Planar>
              <cart:Map_Projection>
                <cart:map_projection_name>Transverse Mercator</cart:map_projection_name>
                <cart:Transverse_Mercator>
                  <cart:scale_factor_at_central_meridian>0.999601271700000016</cart:scale_factor_at_central_meridian>
                  <cart:longitude_of_central_meridian unit="deg">-2</cart:longitude_of_central_meridian>
                  <cart:latitude_of_projection_origin unit="deg">49</cart:latitude_of_projection_origin>
                </cart:Transverse_Mercator>
              </cart:Map_Projection>
              <cart:Planar_Coordinate_Information>
                <cart:planar_coordinate_encoding_method>Coordinate Pair</cart:planar_coordinate_encoding_method>
                <cart:Coordinate_Representation>
                  <cart:pixel_resolution_x unit="m/pixel">0</cart:pixel_resolution_x>
                  <cart:pixel_resolution_y unit="m/pixel">0</cart:pixel_resolution_y>
                  <cart:pixel_scale_x unit="pixel/deg">0</cart:pixel_scale_x>
                  <cart:pixel_scale_y unit="pixel/deg">0</cart:pixel_scale_y>
                </cart:Coordinate_Representation>
              </cart:Planar_Coordinate_Information>
            </cart:Planar>
            <cart:Geodetic_Model>
              <cart:latitude_type>Planetocentric</cart:latitude_type>
              <cart:spheroid_name>OSGB_1936</cart:spheroid_name>
              <cart:semi_major_radius unit="m">6377563.39599999972</cart:semi_major_radius>
              <cart:semi_minor_radius unit="m">6377563.39599999972</cart:semi_minor_radius>
              <cart:polar_radius unit="m">6356256.90923728514</cart:polar_radius>
              <cart:longitude_direction>Positive East</cart:longitude_direction>
            </cart:Geodetic_Model>
          </cart:Horizontal_Coordinate_System_Definition>
        </cart:Spatial_Reference_Information>
      </cart:Cartography>
    </Discipline_Area>
  </Observation_Area>
  <File_Area_Observational>
    <File>
      <file_name>poly_delimited.csv</file_name>
    </File>
    <Table_Delimited>
      <offset unit="byte">25</offset>
      <parsing_standard_id>PDS DSV 1</parsing_standard_id>
      <records>10</records>
      <record_delimiter>Carriage-Return Line-Feed</record_delimiter>
      <field_delimiter>Comma</field_delimiter>
      <Record_Delimited>
        <fields>4</fields>
        <groups>0</groups>
        <Field_Delimited>
          <name>AREA</name>
          <field_number>1</field_number>
          <data_type>ASCII_Real</data_type>
          <maximum_field_length unit="byte">12</maximum_field_length>
        </Field_Delimited>
        <Field_Delimited>
          <name>EAS_ID</name>
          <field_number>2</field_number>
          <data_type>ASCII_Integer</data_type>
          <maximum_field_length unit="byte">11</maximum_field_length>
        </Field_Delimited>
        <Field_Delimited>
          <name>PRFEDEA</name>
          <field_number>3</field_number>
          <data_type>UTF8_String</data_type>
          <maximum_field_length unit="byte">16</maximum_field_length>
        </Field_Delimited>
        <Field_Delimited>
          <name>WKT</name>
          <field_number>4</field_number>
          <data_type>ASCII_String</data_type>
        </Field_Delimited>
      </Record_Delimited>
    </Table_Delimited>
  </File_Area_Observational>
</Product_Observational>
