{
   "name": "pg_stat_kcache",
   "abstract": "An extension gathering CPU and disk acess statistics",
   "version": "2.0.1",
   "maintainer": "Julien Rouhaud <julien.rouhaud@dalibo.com>",
   "license": "postgresql",
   "release_status": "stable",
   "provides": {
      "pg_stat_kcache": {
         "abstract": "An extension gathering CPU and disk acess statistics",
         "file": "pg_stat_kcache.sql",
         "docfile": "README.rst",
         "version": "2.0.1"
      }
   },
   "resources": {
      "bugtracker": {
         "web": "http://github.com/dalibo/pg_stat_kcache/issues/"
      },
      "repository": {
        "url":  "git://github.com/dalibo/pg_stat_kcache.git",
        "web":  "http://github.com/dalibo/pg_stat_kcache/",
        "type": "git"
      }
   },
   "generated_by": "Julien Rouhaud",
   "meta-spec": {
      "version": "1.0.0",
      "url": "http://pgxn.org/meta/spec.txt"
   },
   "tags": [
      "monitoring",
      "CPU",
      "disk"
   ]
}
