{
  "features" : [
    {
      "geometry" : {
        "rings" : [
          [
            [
              2,
              49,
              1
            ],
            [
              2,
              50,
              2
            ],
            [
              3,
              50,
              3
            ],
            [
              3,
              49,
              4
            ],
            [
              2,
              49,
              1
            ]
          ]
        ]
      },
      "attributes" : {
      }
    }
  ],
  "objectIdFieldName" : "objectid",
  "globalIdFieldName" : "",
  "geometryType" : "esriGeometryPolygon",
  "fields" : [
  ]
}
