<?xml version="1.0" encoding="UTF-8"?>
<FeatureCollection xmlns:wfs="http://www.opengis.net/wfs" xmlns:app="http://www.example.com/app" xmlns:xsi="http://www.w3.org/2001/XMLSchema-instance" xmlns:gml="http://www.opengis.net/gml" xmlns="http://www.opengis.net/wfs" xsi:schemaLocation="http://www.example.com/app schema_with_geom_in_complextype.xsd http://www.opengis.net/wfs http://schemas.opengis.net/wfs/1.0.0/WFS-basic.xsd">
<gml:boundedBy>
<gml:Box srsName="EPSG:4326">
<gml:coordinates cs=" " decimal="." ts=",">2 49,2 49</gml:coordinates>
</gml:Box>
</gml:boundedBy>
<gml:featureMember>
<app:Test fid="Test1">
<app:geometry>
<gml:Point srsName="EPSG:4326">
<gml:coordinates cs=" " decimal="." ts=",">2 49</gml:coordinates>
</gml:Point>
</app:geometry>
<app:objectid>1</app:objectid>
</app:Test>
</gml:featureMember>
</FeatureCollection>
