<?xml version="1.0" encoding="UTF-8"?>
<wfs:FeatureCollection numberOfFeatures='1'
xmlns:gml="http://www.opengis.net/gml"
xmlns:wfs="http://www.opengis.net/wfs"
xmlns:xsi="http://www.w3.org/2001/XMLSchema-instance"
xmlns:app="http://www.deegree.org/app"
xmlns:xlink="http://www.w3.org/1999/xlink"
xsi:schemaLocation="http://www.deegree.org/app http://testing.deegree.org:80/deegree-wfs/services?SERVICE=WFS&amp;VERSION=1.1.0&amp;REQUEST=DescribeFeatureType&amp;TYPENAME=app:Springs&amp;NAMESPACE=xmlns(app=http://www.deegree.org/app) http://www.opengis.net/wfs http://schemas.opengis.net/wfs/1.1.0/wfs.xsd"><gml:boundedBy><gml:Envelope srsName='EPSG:26912'><gml:lowerCorner>558750.703125 4402882.05</gml:lowerCorner><gml:upperCorner>558750.703125 4402882.05</gml:upperCorner></gml:Envelope></gml:boundedBy><gml:featureMember><app:Springs gml:id="SGID024_Springs1"><gml:boundedBy><gml:Envelope srsName='EPSG:26912'><gml:lowerCorner>558750.703125 4402882.05</gml:lowerCorner><gml:upperCorner>558750.703125 4402882.05</gml:upperCorner></gml:Envelope></gml:boundedBy><app:geometry><gml:Point srsName="EPSG:26912" >
<gml:pos>558750.703125 4402882.05</gml:pos></gml:Point></app:geometry><app:objectid>1</app:objectid><app:rel>13555</app:rel><app:code>2</app:code><app:source>CFF99</app:source></app:Springs>
</gml:featureMember></wfs:FeatureCollection>