{
    "name": "polygon",
    "description": "polygon",
    "version": "2",
    "minzoom": "0",
    "maxzoom": "0",
    "center": "2.000000,49.000000,0",
    "bounds": "2.000000,49.000000,3.000000,50.000000",
    "type": "overlay",
    "format": "pbf",
    "json": "{\"vector_layers\": [ { \"id\": \"polygon\", \"description\": \"\", \"minzoom\": 0, \"maxzoom\": 0, \"fields\": {} } ],\"tilestats\": {\"layerCount\": 1,\"layers\": [{\"layer\": \"polygon\",\"count\": 1,\"geometry\": \"Polygon\",\"attributeCount\": 0,\"attributes\": []}]}}"
}
