<?xml version="1.0" encoding="UTF-8"?>
<?xml-model href="https://pds.nasa.gov/pds4/pds/v1/PDS4_PDS_1700.sch" schematypens="http://purl.oclc.org/dsdl/schematron"?>

<Product_Collection xmlns="http://pds.nasa.gov/pds4/pds/v1"
	xmlns:pds="http://pds.nasa.gov/pds4/pds/v1"
    xmlns:xsi="http://www.w3.org/2001/XMLSchema-instance"
    xsi:schemaLocation="https://pds.nasa.gov/pds4/pds/v1 http://pds.nasa.gov/pds4/pds/v1/PDS4_PDS_1700.xsd">    
    
    <Identification_Area>
        <logical_identifier>urn:nasa:pds:orex.ocams:data_reduced</logical_identifier>
        <version_id>2.0</version_id>
        <title>Origins, Spectral Interpretation, Resource Identification, Security, Regolith Explorer (OSIRIS-REx): 
        OSIRIS-REx Camera Suite (OCAMS) reduced science image data products.
        </title>
        <information_model_version>1.7.0.0</information_model_version>
        <product_class>Product_Collection</product_class>   
        <Citation_Information>
            <author_list>Rizk, B.; Drouet d’Aubigny, C.; Golish, D.; DellaGiustina, D.N.; Lauretta, D.S.</author_list>
            <editor_list>Crombie, M.K.; Selznick, S.</editor_list>
            <publication_year>2018</publication_year>
            <description>
            This collection contains the reduced (processing level 1 - bias, dark and flat field corrected) science image data products produced by the OCAMS instrument onboard the OSIRIS-REx spacecraft.
            </description>
        </Citation_Information>
   
        <Modification_History>
            <Modification_Detail>
              <modification_date>2018-03-19</modification_date>
              <version_id>1.0</version_id>
              <description>Initial Draft of collection label.</description>
            </Modification_Detail>
            <Modification_Detail>
              <modification_date>2018-07-10</modification_date>
              <version_id>1.0</version_id>
              <description>Label and data products updated to use updated calibration files.</description>
            </Modification_Detail>
        </Modification_History>
    </Identification_Area>
    
    <Context_Area>
        <Time_Coordinates>
            <start_date_time>2016-09-08Z</start_date_time>
            <stop_date_time xsi:nil="true" nilReason="inapplicable"></stop_date_time>
        </Time_Coordinates>
        <Primary_Result_Summary>
            <purpose>Science</purpose>
            <processing_level>Partially Processed</processing_level>
        </Primary_Result_Summary>
        <Investigation_Area>
            <name>Origins, Spectral Interpretation, Resource Identification, Security, Regolith Explorer (OSIRIS-REx)</name>
            <type>Mission</type>
            <Internal_Reference>
                <lid_reference>urn:nasa:pds:context:investigation:mission.orex</lid_reference>
                <reference_type>collection_to_investigation</reference_type>
            </Internal_Reference>
        </Investigation_Area>
        <Observing_System>
            <Observing_System_Component>
                <name>OSIRIS-REx Spacecraft</name>
                <type>Spacecraft</type>
                <description>
                    The OSIRIS-REx spacecraft is comprised of the Telecommunications subsystem, the Guidance, Navigation and Control sub-system, the Propulsion sub-system, the Power sub-system, as well as playing host to five science instruments, the Touch-And-Go Sample Acquisition System (TAGSAM), and the Sample Return Capsule (SRC) allow the spacecraft to gather data, collect a sample, and safely return it to Earth.
                </description>
                <Internal_Reference>
                    <lid_reference>urn:nasa:pds:context:instrument_host:spacecraft.orex</lid_reference>
                    <reference_type>is_instrument_host</reference_type>
                </Internal_Reference>
            </Observing_System_Component>
            <Observing_System_Component>
                <name>OCAMS</name>
                <type>Instrument</type>
                <Internal_Reference>
                    <lid_reference>urn:nasa:pds:context:instrument:ocams.orex</lid_reference>
                    <reference_type>is_instrument</reference_type>
                </Internal_Reference>
            </Observing_System_Component>
            <Observing_System_Component>
                <name>TAGCAMS</name>
                <type>Instrument</type>
                <Internal_Reference>
                    <lid_reference>urn:nasa:pds:context:instrument:tagcams.orex</lid_reference>
                    <reference_type>is_instrument</reference_type>
                 </Internal_Reference>
            </Observing_System_Component>   
            <Observing_System_Component>
                <name>OLA</name>
                <type>Instrument</type>
                <Internal_Reference>
                    <lid_reference>urn:nasa:pds:context:instrument:ola.orex</lid_reference>
                    <reference_type>is_instrument</reference_type>
                </Internal_Reference>
            </Observing_System_Component>
            <Observing_System_Component>
                <name>OTES</name>
                <type>Instrument</type>
                <Internal_Reference>
                    <lid_reference>urn:nasa:pds:context:instrument:otes.orex</lid_reference>
                    <reference_type>is_instrument</reference_type>
                </Internal_Reference>
            </Observing_System_Component>
            <Observing_System_Component>
                <name>OVIRS</name>
                <type>Instrument</type>
                <Internal_Reference>
                    <lid_reference>urn:nasa:pds:context:instrument:ovirs.orex</lid_reference>
                    <reference_type>is_instrument</reference_type>
                </Internal_Reference>
            </Observing_System_Component>
            <Observing_System_Component>
                <name>REXIS</name>
                <type>Instrument</type>
                <Internal_Reference>
                    <lid_reference>urn:nasa:pds:context:instrument:rexis.orex</lid_reference>
                    <reference_type>is_instrument</reference_type>
                </Internal_Reference>
            </Observing_System_Component>
        </Observing_System>
 	 <Target_Identification>
            <name>(101955) Bennu</name>
            <alternate_designation>1999 RQ36</alternate_designation>
            <type>Asteroid</type>
        </Target_Identification>  
    </Context_Area>
    <Reference_List>
        <Internal_Reference>
            <lid_reference>urn:nasa:pds:orex.mission:document:orexmissioninfo</lid_reference>
            <reference_type>collection_to_document</reference_type>
        </Internal_Reference>
        <Internal_Reference>
            <lid_reference>urn:nasa:pds:orex.ocams:document:ocamssis</lid_reference>
            <reference_type>collection_to_document</reference_type>
        </Internal_Reference>
    </Reference_List>
    
    <Collection>
        <collection_type>Data</collection_type>
    </Collection>
    
    <File_Area_Inventory>
        <File>
            <file_name>product_collection.csv</file_name>
        </File>
        <Inventory>
            <offset unit="byte">0</offset>
            <parsing_standard_id>PDS DSV 1</parsing_standard_id>
            <records>2</records>
            <record_delimiter>Carriage-Return Line-Feed</record_delimiter>
            <field_delimiter>Comma</field_delimiter>
            <Record_Delimited>
                <fields>2</fields>
                <groups>0</groups>
 
                <Field_Delimited>
                    <name>Member Status</name>
                    <field_number>1</field_number>
                    <data_type>ASCII_String</data_type>
                    <maximum_field_length unit="byte">1</maximum_field_length>
                    <field_format>%1s</field_format>
                </Field_Delimited>

                <Field_Delimited>
                    <name>LIDVID_LID</name>
                    <field_number>2</field_number>
                    <data_type>ASCII_LIDVID_LID</data_type>
                    <maximum_field_length unit="byte">255</maximum_field_length>
                    <field_format>%-255s</field_format>
                </Field_Delimited>
            </Record_Delimited>
            <reference_type>inventory_has_member_product</reference_type>
        </Inventory>
    </File_Area_Inventory>
</Product_Collection>
