<?xml version="1.0" encoding="UTF-8"?>
<CoverageDescriptions xmlns="http://www.opengis.net/wcs/1.1"
 xmlns:ows="http://www.opengis.net/ows/1.1"
 xmlns:xsi="http://www.w3.org/2001/XMLSchema-instance"
 xsi:schemaLocation="http://www.opengis.net/wcs/1.1 http://schemas.opengis.net/wcs/1.1/wcsDescribeCoverage.xsd http://www.opengis.net/ows/1.1/ http://schemas.opengis.net/ows/1.1.0/owsAll.xsd"><CoverageDescription>
  <ows:Title>Rakko- ja itämerenhauruvaltaiset pohjat, Fucus spp._2</ows:Title>
  <ows:Abstract></ows:Abstract>
  <Identifier>2</Identifier>
  <Domain>
    <SpatialDomain>
      <ows:BoundingBox crs="urn:ogc:def:crs:OGC::imageCRS">        <ows:LowerCorner>0 0</ows:LowerCorner>
        <ows:UpperCorner>24099 34818</ows:UpperCorner>
      </ows:BoundingBox>
      <ows:BoundingBox crs="urn:ogc:def:crs:EPSG::3067">        <ows:LowerCorner>61676.038377249904 6605831.1432084311</ows:LowerCorner>
        <ows:UpperCorner>543676.03837724985 7302211.1432084311</ows:UpperCorner>
      </ows:BoundingBox>
      <GridCRS>
        <GridBaseCRS>urn:ogc:def:crs:EPSG::3067</GridBaseCRS>
        <GridOrigin>61686.038377249904 7302201.1432084311</GridOrigin>
        <GridOffsets>19.999999999999996 -20</GridOffsets>
      </GridCRS>
    </SpatialDomain>
  </Domain>
  <Range>
    <Field>
      <ows:Title>Field_1</ows:Title>
      <ows:Abstract>Field_1</ows:Abstract>
      <Identifier>Field_1</Identifier>
      <Definition>
      <ows:AnyValue/>
</Definition>
      <InterpolationMethods>
        <InterpolationMethod>nearest</InterpolationMethod>
        <InterpolationMethod>linear</InterpolationMethod>
        <InterpolationMethod>cubic</InterpolationMethod>
      </InterpolationMethods>
      <Axis identifier="BAND">
        <AvailableKeys>
          <Key>1</Key>
        </AvailableKeys>
      </Axis>
    </Field>
  </Range>
  <SupportedCRS>urn:ogc:def:crs:EPSG::3067</SupportedCRS>
  <SupportedCRS>urn:ogc:def:crs:EPSG::4326</SupportedCRS>
  <SupportedFormat>image/GeoTIFF</SupportedFormat>
  <SupportedFormat>image/NITF</SupportedFormat>
  <SupportedFormat>image/HDF</SupportedFormat>
  <SupportedFormat>image/JPEG2000</SupportedFormat>
  <SupportedFormat>image/PNG</SupportedFormat>
</CoverageDescription>
</CoverageDescriptions>
