<?xml version="1.0" encoding="UTF-8"?><wcs:CoverageDescription xmlns:wcs="http://www.opengis.net/wcs" xmlns:xlink="http://www.w3.org/1999/xlink" xmlns:ogc="http://www.opengis.net/ogc" xmlns:ows="http://www.opengis.net/ows/1.1" xmlns:gml="http://www.opengis.net/gml" xmlns:xsi="http://www.w3.org/2001/XMLSchema-instance" xsi:schemaLocation="http://www.opengis.net/wcs https://msp.smartsea.fmi.fi/geoserver/schemas/wcs/1.0.0/describeCoverage.xsd" version="1.0.0"><wcs:CoverageOffering><wcs:description>Generated from GeoTIFF</wcs:description><wcs:name>smartsea:eusm2016</wcs:name><wcs:label>eusm2016</wcs:label><wcs:lonLatEnvelope srsName="urn:ogc:def:crs:OGC:1.3:CRS84"><gml:pos>17.475602613769112 58.7813118158553</gml:pos><gml:pos>25.816386818370457 65.85002305038745</gml:pos></wcs:lonLatEnvelope><wcs:keywords><wcs:keyword>eusm2016</wcs:keyword><wcs:keyword>WCS</wcs:keyword><wcs:keyword>GeoTIFF</wcs:keyword></wcs:keywords><wcs:domainSet><wcs:spatialDomain><gml:Envelope srsName="EPSG:3067"><gml:pos>61600.0 6540600.0</gml:pos><gml:pos>432000.0 7304000.0</gml:pos></gml:Envelope><gml:RectifiedGrid dimension="2" srsName="EPSG:3067"><gml:limits><gml:GridEnvelope><gml:low>0 0</gml:low><gml:high>18519 38169</gml:high></gml:GridEnvelope></gml:limits><gml:axisName>E</gml:axisName><gml:axisName>N</gml:axisName><gml:origin><gml:pos>61610.0 7303990.0</gml:pos></gml:origin><gml:offsetVector>20.0 0.0</gml:offsetVector><gml:offsetVector>0.0 -20.0</gml:offsetVector></gml:RectifiedGrid></wcs:spatialDomain></wcs:domainSet><wcs:rangeSet><wcs:RangeSet><wcs:name>eusm2016</wcs:name><wcs:label>eusm2016</wcs:label><wcs:axisDescription><wcs:AxisDescription><wcs:name>Band</wcs:name><wcs:label>Band</wcs:label><wcs:values><wcs:singleValue>1</wcs:singleValue></wcs:values></wcs:AxisDescription></wcs:axisDescription></wcs:RangeSet></wcs:rangeSet><wcs:supportedCRSs><wcs:requestResponseCRSs>EPSG:3067</wcs:requestResponseCRSs></wcs:supportedCRSs><wcs:supportedFormats nativeFormat="GeoTIFF"><wcs:formats>GeoTIFF</wcs:formats><wcs:formats>GIF</wcs:formats><wcs:formats>JPEG</wcs:formats><wcs:formats>PNG</wcs:formats><wcs:formats>TIFF</wcs:formats></wcs:supportedFormats><wcs:supportedInterpolations default="nearest neighbor"><wcs:interpolationMethod>nearest neighbor</wcs:interpolationMethod><wcs:interpolationMethod>bilinear</wcs:interpolationMethod><wcs:interpolationMethod>bicubic</wcs:interpolationMethod></wcs:supportedInterpolations></wcs:CoverageOffering></wcs:CoverageDescription>