<?xml version='1.0' encoding="UTF-8" standalone="no" ?>
<WCS_Capabilities
   version="1.0.0" 
   updateSequence="2015-04-14T14:29:00Z" 
   xmlns="http://www.opengis.net/wcs" 
   xmlns:xlink="http://www.w3.org/1999/xlink" 
   xmlns:gml="http://www.opengis.net/gml" 
   xmlns:xsi="http://www.w3.org/2001/XMLSchema-instance"
   xsi:schemaLocation="http://www.opengis.net/wcs http://schemas.opengis.net/wcs/1.0.0/wcsCapabilities.xsd">
<Service>
  <description>The European Marine Observation and Data Network (EMODnet) is a long term marine data initiative from the European Commission Directorate-General for Maritime Affairs and Fisheries (DG MARE) underpinning its Marine Knowledge 2020 strategy. EMODnet is a consortium of organisations assembling European marine data, data products and metadata from diverse sources in a uniform way. The main purpose of EMODnet is to unlock fragmented and hidden marine data resources and to make these available to individuals and organisations (public and private), and to facilitate investment in sustainable coastal and offshore activities through improved access to quality-assured, standardised and harmonised marine data which are interoperable and free of restrictions on use.</description>
  <name>MapServer WCS</name>
  <label>BGS EMODnet bathymetry</label>
  <keywords>
    <keyword>OneGeology</keyword>
    <keyword>infoCoverageAccessService</keyword>
    <keyword>Europe</keyword>
    <keyword>EMODnet</keyword>
    <keyword>Bathymetry</keyword>
    <keyword>MD_LANG@ENG</keyword>
    <keyword>MD_DATE@2015-04-14</keyword>
  </keywords>
<responsibleParty>
    <individualName>Mr Matthew Harrison</individualName>
    <organisationName>British Geological Survey (BGS)</organisationName>
    <positionName>Science Director Informatics</positionName>
  <contactInfo>
    <phone>
    <voice>+44 (0)115 936 3100</voice>
    <facsimile>+44 (0)115 936 3200</facsimile>
    </phone>
    <address>
    <deliveryPoint>Environmental Science Centre</deliveryPoint>
    <city>Keyworth</city>
    <administrativeArea>Nottinghamshire</administrativeArea>
    <postalCode>NG12 5GG</postalCode>
    <country>United Kingdom</country>
    <electronicMailAddress>enquiries@bgs.ac.uk</electronicMailAddress>
    </address>
    <onlineResource xlink:type="simple" xlink:href="http://www.emodnet.eu/"/>
  </contactInfo>
</responsibleParty>
  <fees>none</fees>
  <accessConstraints>
    none
  </accessConstraints>
</Service>
<Capability>
  <Request>
    <GetCapabilities>
      <DCPType>
        <HTTP>
          <Get><OnlineResource xlink:type="simple" xlink:href="http://194.66.252.155/cgi-bin/BGS_EMODnet_bathymetry/ows?" /></Get>
        </HTTP>
      </DCPType>
      <DCPType>
        <HTTP>
          <Post><OnlineResource xlink:type="simple" xlink:href="http://194.66.252.155/cgi-bin/BGS_EMODnet_bathymetry/ows?" /></Post>
        </HTTP>
      </DCPType>
    </GetCapabilities>
    <DescribeCoverage>
      <DCPType>
        <HTTP>
          <Get><OnlineResource xlink:type="simple" xlink:href="http://194.66.252.155/cgi-bin/BGS_EMODnet_bathymetry/ows?" /></Get>
        </HTTP>
      </DCPType>
      <DCPType>
        <HTTP>
          <Post><OnlineResource xlink:type="simple" xlink:href="http://194.66.252.155/cgi-bin/BGS_EMODnet_bathymetry/ows?" /></Post>
        </HTTP>
      </DCPType>
    </DescribeCoverage>
    <GetCoverage>
      <DCPType>
        <HTTP>
          <Get><OnlineResource xlink:type="simple" xlink:href="http://194.66.252.155/cgi-bin/BGS_EMODnet_bathymetry/ows?" /></Get>
        </HTTP>
      </DCPType>
      <DCPType>
        <HTTP>
          <Post><OnlineResource xlink:type="simple" xlink:href="http://194.66.252.155/cgi-bin/BGS_EMODnet_bathymetry/ows?" /></Post>
        </HTTP>
      </DCPType>
    </GetCoverage>
  </Request>
  <Exception>
    <Format>application/vnd.ogc.se_xml</Format>
  </Exception>
</Capability>
<ContentMetadata>
  <CoverageOfferingBrief>
    <description>European Marine Observation and Data Network (EMODnet) bathymetry for the Adriatic Sea - Ionian Sea - Central Mediterranean region.  Native data is multi-colour GeoTiff.</description>
    <name>BGS_EMODNET_CentralMed-MCol</name>
    <label>Adriatic Sea - Ionian Sea - Central Mediterranean [Multi Colour]</label>
    <lonLatEnvelope srsName="urn:ogc:def:crs:OGC:1.3:CRS84">
      <gml:pos>9.83125 30.01040372</gml:pos>
      <gml:pos>22.23542659 46.18958333</gml:pos>
    </lonLatEnvelope>
  <keywords>
    <keyword>OneGeology</keyword>
    <keyword>continent@Europe</keyword>
    <keyword>dataprovider@EMODnet</keyword>
    <keyword>serviceprovider@British Geological Survey</keyword>
    <keyword>DS_TOPIC@geoscientificInformation</keyword>
    <keyword>DS_DATE@2011-06-30</keyword>
    <keyword>Bathymetry</keyword>
    <keyword>CRS_SUPPORTED@EPSG:4326 EPSG:3031 EPSG:3034 EPSG:3413 EPSG:3857 EPSG:4258</keyword>
    <keyword>geographicarea@Adriatic Sea and Ionian Sea and Central Mediterranean</keyword>
  </keywords>
  </CoverageOfferingBrief>
  <CoverageOfferingBrief>
    <description>European Marine Observation and Data Network (EMODnet) bathymetry for the Aegean Sea - Levantine Sea region.  Native data is multi-colour GeoTiff.</description>
    <name>BGS_EMODNET_AegeanLevantineSeas-MCol</name>
    <label>Aegean Sea - Levantine Sea [Multi Colour]</label>
    <lonLatEnvelope srsName="urn:ogc:def:crs:OGC:1.3:CRS84">
      <gml:pos>22.23541667 30.39790787</gml:pos>
      <gml:pos>36.73542827 41.38958333</gml:pos>
    </lonLatEnvelope>
  <keywords>
    <keyword>OneGeology</keyword>
    <keyword>continent@Europe</keyword>
    <keyword>dataprovider@EMODnet</keyword>
    <keyword>serviceprovider@British Geological Survey</keyword>
    <keyword>DS_TOPIC@geoscientificInformation</keyword>
    <keyword>DS_DATE@2011-06-30</keyword>
    <keyword>Bathymetry</keyword>
    <keyword>CRS_SUPPORTED@EPSG:4326 EPSG:3031 EPSG:3034 EPSG:3413 EPSG:3857 EPSG:4258</keyword>
    <keyword>geographicarea@Aegean Sea and Levantine Sea</keyword>
  </keywords>
  </CoverageOfferingBrief>
  <CoverageOfferingBrief>
    <description>European Marine Observation and Data Network (EMODnet) bathymetry for the Bay of Biscay - Iberian Coast region.  Native data is multi-colour GeoTiff.</description>
    <name>BGS_EMODNET_BayBiscayIberianCoast-MCol</name>
    <label>Bay of Biscay - Iberian Coast [Multi Colour]</label>
    <lonLatEnvelope srsName="urn:ogc:def:crs:OGC:1.3:CRS84">
      <gml:pos>-26.11458333 32.58123877</gml:pos>
      <gml:pos>-0.489562830000001 46.61458333</gml:pos>
    </lonLatEnvelope>
  <keywords>
    <keyword>OneGeology</keyword>
    <keyword>continent@Europe</keyword>
    <keyword>dataprovider@EMODnet</keyword>
    <keyword>serviceprovider@British Geological Survey</keyword>
    <keyword>DS_TOPIC@geoscientificInformation</keyword>
    <keyword>DS_DATE@2011-06-30</keyword>
    <keyword>Bathymetry</keyword>
    <keyword>CRS_SUPPORTED@EPSG:4326 EPSG:3031 EPSG:3034 EPSG:3413 EPSG:3857 EPSG:4258</keyword>
    <keyword>geographicarea@Bay of Biscay and Iberian Coast</keyword>
  </keywords>
  </CoverageOfferingBrief>
  <CoverageOfferingBrief>
    <description>European Marine Observation and Data Network (EMODnet) bathymetry for the Celtic Seas region.  Native data is multi-colour GeoTiff.</description>
    <name>BGS_EMODNET_CelticSeas-MCol</name>
    <label>Celtic Seas [Multi Colour]</label>
    <lonLatEnvelope srsName="urn:ogc:def:crs:OGC:1.3:CRS84">
      <gml:pos>-26.11458333 46.61456967</gml:pos>
      <gml:pos>-0.489562830000001 63.69791667</gml:pos>
    </lonLatEnvelope>
  <keywords>
    <keyword>OneGeology</keyword>
    <keyword>continent@Europe</keyword>
    <keyword>dataprovider@EMODnet</keyword>
    <keyword>serviceprovider@British Geological Survey</keyword>
    <keyword>DS_TOPIC@geoscientificInformation</keyword>
    <keyword>DS_DATE@2011-06-30</keyword>
    <keyword>Bathymetry</keyword>
    <keyword>CRS_SUPPORTED@EPSG:4326 EPSG:3031 EPSG:3034 EPSG:3413 EPSG:3857 EPSG:4258</keyword>
    <keyword>geographicarea@Celtic Seas</keyword>
  </keywords>
  </CoverageOfferingBrief>
  <CoverageOfferingBrief>
    <description>European Marine Observation and Data Network (EMODnet) bathymetry for the Greater North Sea region.  Native data is multi-colour GeoTiff.</description>
    <name>BGS_EMODNET_GreaterNorthSea-MCol</name>
    <label>Greater North Sea [Multi Colour]</label>
    <lonLatEnvelope srsName="urn:ogc:def:crs:OGC:1.3:CRS84">
      <gml:pos>-0.48958333 48.8104034</gml:pos>
      <gml:pos>13.76042807 65.38958333</gml:pos>
    </lonLatEnvelope>
  <keywords>
    <keyword>OneGeology</keyword>
    <keyword>continent@Europe</keyword>
    <keyword>dataprovider@EMODnet</keyword>
    <keyword>serviceprovider@British Geological Survey</keyword>
    <keyword>DS_TOPIC@geoscientificInformation</keyword>
    <keyword>DS_DATE@2011-06-30</keyword>
    <keyword>Bathymetry</keyword>
    <keyword>CRS_SUPPORTED@EPSG:4326 EPSG:3031 EPSG:3034 EPSG:3413 EPSG:3857 EPSG:4258</keyword>
    <keyword>geographicarea@Greater North Sea</keyword>
  </keywords>
  </CoverageOfferingBrief>
  <CoverageOfferingBrief>
    <description>European Marine Observation and Data Network (EMODnet) bathymetry for the Western Mediterranean region.  Native data is multi-colour GeoTiff.</description>
    <name>BGS_EMODNET_WesternMed-MCol</name>
    <label>Western Mediterranean [Multi Colour]</label>
    <lonLatEnvelope srsName="urn:ogc:def:crs:OGC:1.3:CRS84">
      <gml:pos>-0.48958333 35.21874234</gml:pos>
      <gml:pos>9.83125826 44.78958333</gml:pos>
    </lonLatEnvelope>
  <keywords>
    <keyword>OneGeology</keyword>
    <keyword>continent@Europe</keyword>
    <keyword>dataprovider@EMODnet</keyword>
    <keyword>serviceprovider@British Geological Survey</keyword>
    <keyword>DS_TOPIC@geoscientificInformation</keyword>
    <keyword>DS_DATE@2011-06-30</keyword>
    <keyword>Bathymetry</keyword>
    <keyword>CRS_SUPPORTED@EPSG:4326 EPSG:3031 EPSG:3034 EPSG:3413 EPSG:3857 EPSG:4258</keyword>
    <keyword>geographicarea@Western Mediterranean</keyword>
  </keywords>
  </CoverageOfferingBrief>
</ContentMetadata>
</WCS_Capabilities>
