<?xml version="1.0" encoding="UTF-8"?>
<Capabilities xmlns="http://www.opengis.net/wcs/1.1"
 xmlns:ows="http://www.opengis.net/ows"
 xmlns:owcs="http://www.opengis.net/wcs/1.1/ows"
 xmlns:xsi="http://www.w3.org/2001/XMLSchema-instance"
 xmlns:xlink="http://www.w3.org/1999/xlink"
 xsi:schemaLocation="http://www.opengis.net/wcs/1.1 http://schemas.opengis.net/wcs/1.1/wcsGetCapabilities.xsd http://www.opengis.net/wcs/1.1/ows http://schemas.opengis.net/ows/1.1.0/owsDataIdentification.xsd" version="1.1.0">
  <owcs:ServiceIdentification>
    <ows:Title>Velmu_wcs_testi</ows:Title>
  <owcs:ServiceType>WCS</owcs:ServiceType>
  <owcs:ServiceTypeVersion>1.0.0</owcs:ServiceTypeVersion>
  <owcs:ServiceTypeVersion>1.1.0</owcs:ServiceTypeVersion>
  <owcs:ServiceTypeVersion>1.1.1</owcs:ServiceTypeVersion>
  <owcs:ServiceTypeVersion>1.1.2</owcs:ServiceTypeVersion>
  <owcs:Fees>NONE</owcs:Fees>
  <owcs:AccessConstraints>NONE</owcs:AccessConstraints>
  </owcs:ServiceIdentification>
  <ows:ServiceProvider>
    <ows:ProviderName></ows:ProviderName>
    <ows:ServiceContact>
      <ows:ContactInfo>
        <ows:Phone>
        </ows:Phone>
        <ows:Address>
        </ows:Address>
        <ows:OnlineResource xlink:href="http://paikkatieto.ymparisto.fi/arcgis/services/Testit/Velmu_wcs_testi/MapServer/WCSServer"/>
      </ows:ContactInfo>
    </ows:ServiceContact>
  </ows:ServiceProvider>
  <owcs:OperationsMetadata>
    <owcs:Operation name="GetCapabilities">
      <owcs:DCP>
        <owcs:HTTP>
          <owcs:Get xlink:href="http://paikkatieto.ymparisto.fi/arcgis/services/Testit/Velmu_wcs_testi/MapServer/WCSServer"/>
          <owcs:Post xlink:href="http://paikkatieto.ymparisto.fi/arcgis/services/Testit/Velmu_wcs_testi/MapServer/WCSServer"/>
        </owcs:HTTP>
      </owcs:DCP>
      <owcs:Parameter name="service">
        <owcs:AllowedValues>
          <owcs:Value>WCS</owcs:Value>
        </owcs:AllowedValues>
      </owcs:Parameter>
      <owcs:Parameter name="AcceptVersions">
        <owcs:AllowedValues>
          <owcs:Value>1.0.0</owcs:Value>
          <owcs:Value>1.1.0</owcs:Value>
          <owcs:Value>1.1.1</owcs:Value>
          <owcs:Value>1.1.2</owcs:Value>
        </owcs:AllowedValues>
      </owcs:Parameter>
    </owcs:Operation>
    <owcs:Operation name="DescribeCoverage">
      <owcs:DCP>
        <owcs:HTTP>
          <owcs:Get xlink:href="http://paikkatieto.ymparisto.fi/arcgis/services/Testit/Velmu_wcs_testi/MapServer/WCSServer"/>
          <owcs:Post xlink:href="http://paikkatieto.ymparisto.fi/arcgis/services/Testit/Velmu_wcs_testi/MapServer/WCSServer"/>
        </owcs:HTTP>
      </owcs:DCP>
      <owcs:Parameter name="service">
        <owcs:AllowedValues>
          <owcs:Value>WCS</owcs:Value>
        </owcs:AllowedValues>
      </owcs:Parameter>
      <owcs:Parameter name="version">
        <owcs:AllowedValues>
          <owcs:Value>1.0.0</owcs:Value>
          <owcs:Value>1.1.0</owcs:Value>
          <owcs:Value>1.1.1</owcs:Value>
          <owcs:Value>1.1.2</owcs:Value>
        </owcs:AllowedValues>
      </owcs:Parameter>
      <owcs:Parameter name="Identifier">
        <owcs:AllowedValues>
          <owcs:Value>1</owcs:Value>
          <owcs:Value>2</owcs:Value>
          <owcs:Value>3</owcs:Value>
        </owcs:AllowedValues>
      </owcs:Parameter>
    </owcs:Operation>
    <owcs:Operation name="GetCoverage">
      <owcs:DCP>
        <owcs:HTTP>
          <owcs:Get xlink:href="http://paikkatieto.ymparisto.fi/arcgis/services/Testit/Velmu_wcs_testi/MapServer/WCSServer"/>
          <owcs:Post xlink:href="http://paikkatieto.ymparisto.fi/arcgis/services/Testit/Velmu_wcs_testi/MapServer/WCSServer"/>
        </owcs:HTTP>
      </owcs:DCP>
      <owcs:Parameter name="service">
        <owcs:AllowedValues>
          <owcs:Value>WCS</owcs:Value>
        </owcs:AllowedValues>
      </owcs:Parameter>
      <owcs:Parameter name="version">
        <owcs:AllowedValues>
          <owcs:Value>1.0.0</owcs:Value>
          <owcs:Value>1.1.0</owcs:Value>
          <owcs:Value>1.1.1</owcs:Value>
          <owcs:Value>1.1.2</owcs:Value>
        </owcs:AllowedValues>
      </owcs:Parameter>
      <owcs:Parameter name="Identifier">
        <owcs:AllowedValues>
          <owcs:Value>1</owcs:Value>
          <owcs:Value>2</owcs:Value>
          <owcs:Value>3</owcs:Value>
        </owcs:AllowedValues>
      </owcs:Parameter>
      <owcs:Parameter name="InterpolationType">
        <owcs:AllowedValues>
          <owcs:Value>nearest</owcs:Value>
          <owcs:Value>bilinear</owcs:Value>
          <owcs:Value>bicubic</owcs:Value>
        </owcs:AllowedValues>
      </owcs:Parameter>
      <owcs:Parameter name="format">
        <owcs:AllowedValues>
          <owcs:Value>image/GeoTIFF</owcs:Value>
          <owcs:Value>image/NITF</owcs:Value>
          <owcs:Value>image/JPEG</owcs:Value>
          <owcs:Value>image/PNG</owcs:Value>
          <owcs:Value>image/JPEG2000</owcs:Value>
          <owcs:Value>image/HDF</owcs:Value>
        </owcs:AllowedValues>
      </owcs:Parameter>
      <owcs:Parameter name="store">
        <owcs:AllowedValues>
          <owcs:Value>False</owcs:Value>
          <owcs:Value>True</owcs:Value>
        </owcs:AllowedValues>
      </owcs:Parameter>
    </owcs:Operation>
  </owcs:OperationsMetadata>
  <Contents>
    <CoverageSummary>
      <ows:Title>Näkinpartaisniityt_1</ows:Title>
      <ows:Abstract></ows:Abstract>
      <ows:WGS84BoundingBox>
        <ows:LowerCorner>17.483058091685201 59.36197532178339</ows:LowerCorner>
        <ows:UpperCorner>27.956287922334681 65.841210879037476</ows:UpperCorner>
      </ows:WGS84BoundingBox>
      <Identifier>1</Identifier>
    </CoverageSummary>
    <CoverageSummary>
      <ows:Title>Rakko- ja itämerenhauruvaltaiset pohjat, Fucus spp._2</ows:Title>
      <ows:Abstract></ows:Abstract>
      <ows:WGS84BoundingBox>
        <ows:LowerCorner>17.483058091685198 59.361975321783405</ows:LowerCorner>
        <ows:UpperCorner>27.956287922334674 65.841210879037476</ows:UpperCorner>
      </ows:WGS84BoundingBox>
      <Identifier>2</Identifier>
    </CoverageSummary>
    <CoverageSummary>
      <ows:Title>Avoimuusindeksi merenpohjalla_3</ows:Title>
      <ows:Abstract></ows:Abstract>
      <ows:WGS84BoundingBox>
        <ows:LowerCorner>17.483058091685201 58.78220036767393</ows:LowerCorner>
        <ows:UpperCorner>27.956287922334681 65.841210879037476</ows:UpperCorner>
      </ows:WGS84BoundingBox>
      <Identifier>3</Identifier>
    </CoverageSummary>
    <SupportedCRS>urn:ogc:def:crs:EPSG::4326</SupportedCRS>
    <SupportedCRS>urn:ogc:def:crs:EPSG::3067</SupportedCRS>
    <SupportedFormat>image/GeoTIFF</SupportedFormat>
    <SupportedFormat>image/NITF</SupportedFormat>
    <SupportedFormat>image/JPEG</SupportedFormat>
    <SupportedFormat>image/PNG</SupportedFormat>
    <SupportedFormat>image/JPEG2000</SupportedFormat>
    <SupportedFormat>image/HDF</SupportedFormat>
  </Contents>
</Capabilities>
