<?xml version="1.0" encoding="UTF-8"?>
<wcs:Capabilities xmlns:wcs="http://www.opengis.net/wcs/2.0" xmlns:ows="http://www.opengis.net/ows/2.0" xmlns:ogc="http://www.opengis.net/ogc" xmlns:xsi="http://www.w3.org/2001/XMLSchema-instance" xmlns:xlink="http://www.w3.org/1999/xlink" xmlns:gml="http://www.opengis.net/gml/3.2" xmlns:gmlcov="http://www.opengis.net/gmlcov/1.0" xmlns:swe="http://www.opengis.net/swe/2.0" xmlns:crs="http://www.opengis.net/wcs/crs/1.0" xmlns:int="http://www.opengis.net/wcs/interpolation/1.0" xsi:schemaLocation="http://www.opengis.net/wcs/2.0 http://schemas.opengis.net/wcs/2.0/wcsAll.xsd " version="2.0.1" updateSequence="2015-04-14T14:29:00Z">
  <ows:ServiceIdentification>
    <ows:Title>BGS EMODnet bathymetry</ows:Title>
    <ows:Abstract>The European Marine Observation and Data Network (EMODnet) is a long term marine data initiative from the European Commission Directorate-General for Maritime Affairs and Fisheries (DG MARE) underpinning its Marine Knowledge 2020 strategy. EMODnet is a consortium of organisations assembling European marine data, data products and metadata from diverse sources in a uniform way. The main purpose of EMODnet is to unlock fragmented and hidden marine data resources and to make these available to individuals and organisations (public and private), and to facilitate investment in sustainable coastal and offshore activities through improved access to quality-assured, standardised and harmonised marine data which are interoperable and free of restrictions on use.</ows:Abstract>
    <ows:Keywords>
      <ows:Keyword>OneGeology</ows:Keyword>
      <ows:Keyword>infoCoverageAccessService</ows:Keyword>
      <ows:Keyword>Europe</ows:Keyword>
      <ows:Keyword>EMODnet</ows:Keyword>
      <ows:Keyword>Bathymetry</ows:Keyword>
      <ows:Keyword>MD_LANG@ENG</ows:Keyword>
      <ows:Keyword>MD_DATE@2015-04-14</ows:Keyword>
    </ows:Keywords>
    <ows:ServiceType codeSpace="OGC">OGC WCS</ows:ServiceType>
    <ows:ServiceTypeVersion>2.0.1</ows:ServiceTypeVersion>
    <ows:ServiceTypeVersion>1.1.1</ows:ServiceTypeVersion>
    <ows:ServiceTypeVersion>1.0.0</ows:ServiceTypeVersion>
    <ows:Profile>http://www.opengis.net/spec/WCS/2.0/conf/core</ows:Profile>
    <ows:Profile>http://www.opengis.net/spec/WCS_protocol-binding_get-kvp/1.0/conf/get-kvp</ows:Profile>
    <ows:Profile>http://www.opengis.net/spec/WCS_protocol-binding_post-xml/1.0/conf/post-xml</ows:Profile>
    <ows:Profile>http://www.opengis.net/spec/GMLCOV/1.0/conf/gml-coverage</ows:Profile>
    <ows:Profile>http://www.opengis.net/spec/GMLCOV/1.0/conf/multipart</ows:Profile>
    <ows:Profile>http://www.opengis.net/spec/GMLCOV/1.0/conf/special-format</ows:Profile>
    <ows:Profile>http://www.opengis.net/spec/GMLCOV_geotiff-coverages/1.0/conf/geotiff-coverage</ows:Profile>
    <ows:Profile>http://www.opengis.net/spec/WCS_service-extension_crs/1.0/conf/crs</ows:Profile>
    <ows:Profile>http://www.opengis.net/spec/WCS_service-extension_scaling/1.0/conf/scaling</ows:Profile>
    <ows:Profile>http://www.opengis.net/spec/WCS_service-extension_range-subsetting/1.0/conf/record-subsetting</ows:Profile>
    <ows:Profile>http://www.opengis.net/spec/WCS_service-extension_interpolation/1.0/conf/interpolation</ows:Profile>
    <ows:Fees>none</ows:Fees>
    <ows:AccessConstraints>none</ows:AccessConstraints>
  </ows:ServiceIdentification>
  <ows:ServiceProvider>
    <ows:ProviderName>British Geological Survey (BGS)</ows:ProviderName>
    <ows:ProviderSite xlink:type="simple" xlink:href="http://www.emodnet.eu/"/>
    <ows:ServiceContact>
      <ows:IndividualName>Mr Matthew Harrison</ows:IndividualName>
      <ows:PositionName>Science Director Informatics</ows:PositionName>
      <ows:ContactInfo>
        <ows:Phone>
          <ows:Voice>+44 (0)115 936 3100</ows:Voice>
          <ows:Facsimile>+44 (0)115 936 3200</ows:Facsimile>
        </ows:Phone>
        <ows:Address>
          <ows:DeliveryPoint>Environmental Science Centre</ows:DeliveryPoint>
          <ows:City>Keyworth</ows:City>
          <ows:AdministrativeArea>Nottinghamshire</ows:AdministrativeArea>
          <ows:PostalCode>NG12 5GG</ows:PostalCode>
          <ows:Country>United Kingdom</ows:Country>
          <ows:ElectronicMailAddress>enquiries@bgs.ac.uk</ows:ElectronicMailAddress>
        </ows:Address>
        <ows:OnlineResource xlink:type="simple" xlink:href="http://www.emodnet.eu/"/>
        <ows:HoursOfService>Mon-Fri, 09:00-17:00</ows:HoursOfService>
        <ows:ContactInstructions></ows:ContactInstructions>
      </ows:ContactInfo>
      <ows:Role>pointOfContact</ows:Role>
    </ows:ServiceContact>
  </ows:ServiceProvider>
  <ows:OperationsMetadata>
    <ows:Operation name="GetCapabilities">
      <ows:DCP>
        <ows:HTTP>
          <ows:Get xlink:type="simple" xlink:href="http://194.66.252.155/cgi-bin/BGS_EMODnet_bathymetry/ows?"/>
          <ows:Post xlink:type="simple" xlink:href="http://194.66.252.155/cgi-bin/BGS_EMODnet_bathymetry/ows?">
            <ows:Constraint name="PostEncoding">
              <ows:AllowedValues>
                <ows:Value>XML</ows:Value>
              </ows:AllowedValues>
            </ows:Constraint>
          </ows:Post>
        </ows:HTTP>
      </ows:DCP>
    </ows:Operation>
    <ows:Operation name="DescribeCoverage">
      <ows:DCP>
        <ows:HTTP>
          <ows:Get xlink:type="simple" xlink:href="http://194.66.252.155/cgi-bin/BGS_EMODnet_bathymetry/ows?"/>
          <ows:Post xlink:type="simple" xlink:href="http://194.66.252.155/cgi-bin/BGS_EMODnet_bathymetry/ows?">
            <ows:Constraint name="PostEncoding">
              <ows:AllowedValues>
                <ows:Value>XML</ows:Value>
              </ows:AllowedValues>
            </ows:Constraint>
          </ows:Post>
        </ows:HTTP>
      </ows:DCP>
    </ows:Operation>
    <ows:Operation name="GetCoverage">
      <ows:DCP>
        <ows:HTTP>
          <ows:Get xlink:type="simple" xlink:href="http://194.66.252.155/cgi-bin/BGS_EMODnet_bathymetry/ows?"/>
          <ows:Post xlink:type="simple" xlink:href="http://194.66.252.155/cgi-bin/BGS_EMODnet_bathymetry/ows?">
            <ows:Constraint name="PostEncoding">
              <ows:AllowedValues>
                <ows:Value>XML</ows:Value>
              </ows:AllowedValues>
            </ows:Constraint>
          </ows:Post>
        </ows:HTTP>
      </ows:DCP>
    </ows:Operation>
  </ows:OperationsMetadata>
  <wcs:ServiceMetadata>
    <wcs:formatSupported>image/png</wcs:formatSupported>
    <wcs:formatSupported>image/x-aaigrid</wcs:formatSupported>
    <wcs:formatSupported>image/jpeg</wcs:formatSupported>
    <wcs:formatSupported>image/png; mode=8bit</wcs:formatSupported>
    <wcs:formatSupported>image/tiff</wcs:formatSupported>
    <wcs:Extension>
      <int:InterpolationMetadata>
        <int:InterpolationSupported>NEAREST</int:InterpolationSupported>
        <int:InterpolationSupported>AVERAGE</int:InterpolationSupported>
        <int:InterpolationSupported>BILINEAR</int:InterpolationSupported>
      </int:InterpolationMetadata>
      <crs:CrsMetadata>
        <crs:crsSupported>http://www.opengis.net/def/crs/EPSG/0/4326</crs:crsSupported>
        <crs:crsSupported>http://www.opengis.net/def/crs/EPSG/0/3031</crs:crsSupported>
        <crs:crsSupported>http://www.opengis.net/def/crs/EPSG/0/3034</crs:crsSupported>
        <crs:crsSupported>http://www.opengis.net/def/crs/EPSG/0/3413</crs:crsSupported>
        <crs:crsSupported>http://www.opengis.net/def/crs/EPSG/0/3857</crs:crsSupported>
        <crs:crsSupported>http://www.opengis.net/def/crs/EPSG/0/4258</crs:crsSupported>
      </crs:CrsMetadata>
    </wcs:Extension>
  </wcs:ServiceMetadata>
  <wcs:Contents>
    <wcs:CoverageSummary>
      <wcs:CoverageId>BGS_EMODNET_CentralMed-MCol</wcs:CoverageId>
      <wcs:CoverageSubtype>RectifiedGridCoverage</wcs:CoverageSubtype>
    </wcs:CoverageSummary>
    <wcs:CoverageSummary>
      <wcs:CoverageId>BGS_EMODNET_AegeanLevantineSeas-MCol</wcs:CoverageId>
      <wcs:CoverageSubtype>RectifiedGridCoverage</wcs:CoverageSubtype>
    </wcs:CoverageSummary>
    <wcs:CoverageSummary>
      <wcs:CoverageId>BGS_EMODNET_BayBiscayIberianCoast-MCol</wcs:CoverageId>
      <wcs:CoverageSubtype>RectifiedGridCoverage</wcs:CoverageSubtype>
    </wcs:CoverageSummary>
    <wcs:CoverageSummary>
      <wcs:CoverageId>BGS_EMODNET_CelticSeas-MCol</wcs:CoverageId>
      <wcs:CoverageSubtype>RectifiedGridCoverage</wcs:CoverageSubtype>
    </wcs:CoverageSummary>
    <wcs:CoverageSummary>
      <wcs:CoverageId>BGS_EMODNET_GreaterNorthSea-MCol</wcs:CoverageId>
      <wcs:CoverageSubtype>RectifiedGridCoverage</wcs:CoverageSubtype>
    </wcs:CoverageSummary>
    <wcs:CoverageSummary>
      <wcs:CoverageId>BGS_EMODNET_WesternMed-MCol</wcs:CoverageId>
      <wcs:CoverageSubtype>RectifiedGridCoverage</wcs:CoverageSubtype>
    </wcs:CoverageSummary>
  </wcs:Contents>
</wcs:Capabilities>
