<?xml version="1.0" encoding="UTF-8"?>
<wcs:Capabilities xmlns:xsi="http://www.w3.org/2001/XMLSchema-instance"
 xmlns:ows="http://www.opengis.net/ows/2.0"
 xmlns:wcs="http://www.opengis.net/wcs/2.0"
 xmlns:gml="http://www.opengis.net/gml/3.2"
 xmlns:wcscrs="http://www.opengis.net/wcs/service-extension/crs/1.0"
 xmlns:int="http://www.opengis.net/WCS_service-extension_interpolation/1.0"
 xmlns="http://www.opengis.net/ows/2.0"
 xmlns:xlink="http://www.w3.org/1999/xlink"
 xsi:schemaLocation="www.opengis.net/wcs/2.0 http://schemas.opengis.net/wcs/2.0/wcsAll.xsd" version="2.0.1">
  <ows:ServiceIdentification>
    <ows:Title>Velmu_wcs_testi</ows:Title>
  <ows:ServiceType>OGC WCS</ows:ServiceType>
  <ows:ServiceTypeVersion>2.0.1</ows:ServiceTypeVersion>
  <ows:Profile>http://www.opengis.net/spec/WCS/2.0/conf/core</ows:Profile>
  <ows:Profile>
    http://www.opengis.net/spec/WCS_protocol-binding_get-kvp/1.0.1
  </ows:Profile>
  <ows:Profile>
    http://www.opengis.net/spec/WCS_protocol-binding_post-xml/1.0
  </ows:Profile>
  <ows:Profile>
    http://www.opengis.net/spec/WCS_service-extension_crs/1.0/conf/crs-gridded-coverage
  </ows:Profile>
  <ows:Profile>
    http://www.opengis.net/spec/WCS_geotiff-coverages/1.0/conf/geotiff-coverage
  </ows:Profile>
  <ows:Profile>
    http://www.opengis.net/spec/GMLCOV/1.0/conf/gml-coverage
  </ows:Profile>
  <ows:Profile>
    http://www.opengis.net/spec/GMLCOV/1.0/conf/special-format
  </ows:Profile>
  <ows:Profile>
    http://www.opengis.net/spec/GMLCOV/1.0/conf/multipart
  </ows:Profile>
  <ows:Profile>
    http://www.opengis.net/spec/WCS_service-extension_scaling/1.0/conf/scaling
  </ows:Profile>
  <ows:Profile>
    http://www.opengis.net/spec/WCS_service-extension_crs/1.0/conf/crs
  </ows:Profile>
  <ows:Profile>
    http://www.opengis.net/spec/WCS_service-extension_interpolation/1.0/conf/interpolation
  </ows:Profile>
  <ows:Profile>
    http://www.opengis.net/spec/WCS_service-extension_interpolation/1.0/conf/nearest-neighbor
  </ows:Profile>
  <ows:Profile>
    http://www.opengis.net/spec/WCS_service-extension_interpolation/1.0/conf/linear
  </ows:Profile>
  <ows:Profile>
    http://www.opengis.net/spec/WCS_service-extension_interpolation/1.0/conf/cubic
  </ows:Profile>
  <ows:Profile>
    http://www.opengis.net/spec/WCS_service-extension_range-subsetting/1.0/conf/record-subsetting
  </ows:Profile>
  <ows:Fees>NONE</ows:Fees>
  <ows:AccessConstraints>NONE</ows:AccessConstraints>
  </ows:ServiceIdentification>
  <ows:ServiceProvider>
    <ows:ProviderName></ows:ProviderName>
    <ows:ServiceContact>
      <ows:ContactInfo>
        <ows:Phone>
        </ows:Phone>
        <ows:Address>
        </ows:Address>
        <ows:OnlineResource xlink:href="http://paikkatieto.ymparisto.fi/arcgis/services/Testit/Velmu_wcs_testi/MapServer/WCSServer"/>
      </ows:ContactInfo>
    </ows:ServiceContact>
  </ows:ServiceProvider>
  <ows:OperationsMetadata>
    <ows:Operation name="GetCapabilities">
      <ows:DCP>
        <ows:HTTP>
          <ows:Get xlink:href="http://paikkatieto.ymparisto.fi/arcgis/services/Testit/Velmu_wcs_testi/MapServer/WCSServer"/>
          <ows:Post xlink:href="http://paikkatieto.ymparisto.fi/arcgis/services/Testit/Velmu_wcs_testi/MapServer/WCSServer"/>
        </ows:HTTP>
      </ows:DCP>
    </ows:Operation>
    <ows:Operation name="DescribeCoverage">
      <ows:DCP>
        <ows:HTTP>
          <ows:Get xlink:href="http://paikkatieto.ymparisto.fi/arcgis/services/Testit/Velmu_wcs_testi/MapServer/WCSServer"/>
          <ows:Post xlink:href="http://paikkatieto.ymparisto.fi/arcgis/services/Testit/Velmu_wcs_testi/MapServer/WCSServer"/>
        </ows:HTTP>
      </ows:DCP>
    </ows:Operation>
    <ows:Operation name="GetCoverage">
      <ows:DCP>
        <ows:HTTP>
          <ows:Get xlink:href="http://paikkatieto.ymparisto.fi/arcgis/services/Testit/Velmu_wcs_testi/MapServer/WCSServer"/>
          <ows:Post xlink:href="http://paikkatieto.ymparisto.fi/arcgis/services/Testit/Velmu_wcs_testi/MapServer/WCSServer"/>
        </ows:HTTP>
      </ows:DCP>
    </ows:Operation>
  </ows:OperationsMetadata>
  <wcs:ServiceMetadata>
    <wcs:formatSupported>image/tiff</wcs:formatSupported>
    <wcs:Extension>
      <wcscrs:crsSupported>http://www.opengis.net/def/crs/EPSG/0/4326</wcscrs:crsSupported>
      <wcscrs:crsSupported>http://www.opengis.net/def/crs/EPSG/0/3067</wcscrs:crsSupported>
      <int:interpolationSupported>http://www.opengis.net/def/interpolation/OGC/1/nearest-neighbor</int:interpolationSupported>
      <int:interpolationSupported>http://www.opengis.net/def/interpolation/OGC/1/linear</int:interpolationSupported>
      <int:interpolationSupported>http://www.opengis.net/def/interpolation/OGC/1/cubic</int:interpolationSupported>
    </wcs:Extension>
  </wcs:ServiceMetadata>
  <wcs:Contents>
    <wcs:CoverageSummary>
      <ows:WGS84BoundingBox>
        <ows:LowerCorner>17.483058091685201 59.36197532178339</ows:LowerCorner>
        <ows:UpperCorner>27.956287922334681 65.841210879037476</ows:UpperCorner>
      </ows:WGS84BoundingBox>
      <wcs:CoverageId>Coverage1</wcs:CoverageId>
      <wcs:CoverageSubtype>GridCoverage</wcs:CoverageSubtype>
    </wcs:CoverageSummary>
    <wcs:CoverageSummary>
      <ows:WGS84BoundingBox>
        <ows:LowerCorner>17.483058091685198 59.361975321783405</ows:LowerCorner>
        <ows:UpperCorner>27.956287922334674 65.841210879037476</ows:UpperCorner>
      </ows:WGS84BoundingBox>
      <wcs:CoverageId>Coverage2</wcs:CoverageId>
      <wcs:CoverageSubtype>GridCoverage</wcs:CoverageSubtype>
    </wcs:CoverageSummary>
    <wcs:CoverageSummary>
      <ows:WGS84BoundingBox>
        <ows:LowerCorner>17.483058091685201 58.78220036767393</ows:LowerCorner>
        <ows:UpperCorner>27.956287922334681 65.841210879037476</ows:UpperCorner>
      </ows:WGS84BoundingBox>
      <wcs:CoverageId>Coverage3</wcs:CoverageId>
      <wcs:CoverageSubtype>GridCoverage</wcs:CoverageSubtype>
    </wcs:CoverageSummary>
  </wcs:Contents>
</wcs:Capabilities>
